PADDLEBOARDING,SUP tour Ljubljana,Ljubljana,2,Equipment,Offered in English,Matija,"I'm Matija, 32 years old travel freak from Slovenia. I'm a marketing and social media manager, travel adventure designer and instructor at Bananaway stand-up paddle school. I like wandering around the world as much as creating special holiday experiences at the best world destinations for sup enthusiasts! 
So I hope we meet soon! ;)",$46 per person,Any experience can be canceled and fully refunded within 24 hours of purchase.,10,8,4.75,8 reviews,"https://maps.google.com/maps?ll=46.039526,14.510477&z=15&t=m&hl=en&gl=US&mapclient=apiv3",https://www.airbnb.com/experiences/701694?currentTab=experience_tab&federatedSearchId=182e143f-6970-4a9c-8731-2e4d388334fe&searchId=bd724406-0cb4-47b2-8d13-f53b2313a4e2&sectionId=d7213cb4-8d8d-4d78-b559-30ff2a404489&source=p2
BIKE RIDE,Fat-Bike the Wild Side of Anchorage,Anchorage,3,"Food, Drinks, Equipment and Transportation",Offered in English,Karl,"I'm an avid cyclist, outdoors enthusiast, and participate in all the Alaskan things. I've worked in Alaska's Chugach National Forest as a wildlife biologist and competed in Alaska's longest mountain bike race (5 times!). Additionally, I've ran my own mountain bike touring company for several years and am a skilled bicycle mechanic.",$79 per person,Any experience can be canceled and fully refunded within 24 hours of purchase.,11,5,4.91,33 reviews,"https://maps.google.com/maps?ll=61.212558,-149.888507&z=15&t=m&hl=en&gl=US&mapclient=apiv3",https://www.airbnb.com/experiences/596519?currentTab=experience_tab&federatedSearchId=182e143f-6970-4a9c-8731-2e4d388334fe&searchId=bd724406-0cb4-47b2-8d13-f53b2313a4e2&sectionId=d7213cb4-8d8d-4d78-b559-30ff2a404489&source=p2
GUIDED HIKE,De-Stress By A Relaxing Mountain Creek,Running Springs,2,"Drinks, 1 ticket and Equipment",Offered in English,Echo,I moved to the mountain 21 years ago and am so happy I did! I love exploring and photographing my beautiful mountain. We have a lot a great trails and I really enjoy helping others to get to experience the fun and excitement of hiking without fear of getting lost or stuck. By taking pictures of your hike I get to combine my passions and help you get a great souvenir!,$30 per person,Any experience can be canceled and fully refunded within 24 hours of purchase.,12,10,5.0,2 reviews,"https://maps.google.com/maps?ll=34.214444,-117.119897&z=15&t=m&hl=en&gl=US&mapclient=apiv3",https://www.airbnb.com/experiences/818648?currentTab=experience_tab&federatedSearchId=182e143f-6970-4a9c-8731-2e4d388334fe&searchId=bd724406-0cb4-47b2-8d13-f53b2313a4e2&sectionId=d7213cb4-8d8d-4d78-b559-30ff2a404489&source=p2
FITNESS CLASS,Funktionales Ganzkörpertraining,Waldbüttelbrunn,1.5,Food and Drinks,All languages welcome,Marc,"Seit über zehn Jahren treibe ich aktiv Sport und begleite Einzelpersonen und Kleingruppen auf ihrem Weg zurück zu alter, oder hin zu neuer sportlicher Form. Ob als Sportneuling, Althase oder Wiedereinsteiger; meine Trainer B-Lizenz und die Qualifikation zum Gettoworkout Instructor erlauben es mir, meine Mitmenschen bestmöglich, herausfordernd und ohne gesundheitliches Riskio zu unterstützen.",$13 per person,Any experience can be canceled and fully refunded within 24 hours of purchase.,16,5,,,"https://maps.google.com/maps?ll=49.779655,9.816724&z=15&t=m&hl=en&gl=US&mapclient=apiv3",https://www.airbnb.com/experiences/779380?currentTab=experience_tab&federatedSearchId=182e143f-6970-4a9c-8731-2e4d388334fe&searchId=bd724406-0cb4-47b2-8d13-f53b2313a4e2&sectionId=d7213cb4-8d8d-4d78-b559-30ff2a404489&source=p2
GUIDED HIKE,Berkshire Hiking at its BEST,Great Barrington,3.5,Food and Equipment,Offered in English,Mark,"I've lived in the Berkshires for nearly 20 years. I walk the Berkshire Hills through all 4 seasons and find hiking a spiritual experience or deep connection to self and the planet. I have trained as a Mindful Outdoor Leadership Guide and Wilderness First Aid. I lead outdoor experiences for well known Health Centers in the area to include Kripalu and Miraval/Cranwell. 

I have hiked stretches of…+ More",$65 per person,Any experience can be canceled and fully refunded within 24 hours of purchase.,18,5,5.0,3 reviews,"https://maps.google.com/maps?ll=42.178705,-73.365626&z=15&t=m&hl=en&gl=US&mapclient=apiv3",https://www.airbnb.com/experiences/882720?currentTab=experience_tab&federatedSearchId=182e143f-6970-4a9c-8731-2e4d388334fe&searchId=bd724406-0cb4-47b2-8d13-f53b2313a4e2&sectionId=d7213cb4-8d8d-4d78-b559-30ff2a404489&source=p2
NATURE WALK,Nature Immersion-Unplug in the desert,Albuquerque,2,,Offered in English,Terry,"With one foot in the natural world and one in the art world, I have found a perfect balance in NM. I pursued wildlife science and enviro communication, but also create art as a way to capture beauty. Since moving to Alb in 2001, I have found scientific and artistic inspiration outdoors, but I also find that it’s the perfect place for introspection. I now have a global ecotourism startup business…+ More",$39 per person,Any experience can be canceled and fully refunded within 24 hours of purchase.,18,8,5.0,16 reviews,"https://maps.google.com/maps?ll=35.165268,-106.472656&z=15&t=m&hl=en&gl=US&mapclient=apiv3",https://www.airbnb.com/experiences/353626?currentTab=experience_tab&federatedSearchId=182e143f-6970-4a9c-8731-2e4d388334fe&searchId=bd724406-0cb4-47b2-8d13-f53b2313a4e2&sectionId=d7213cb4-8d8d-4d78-b559-30ff2a404489&source=p2
SNORKELING,Snorkel Floridas hidden springs,Fort White,6,Drinks,Offered in English,Doug,"Im a disabled combat vet who works at a canoe and kayak rental agency on the Santa Fe River. I'm passionate about the area's natural wonders. I've studied biology and volunteered with scientists to learn more. I moved to this area in order to be in closer proximity to the areas beautiful, natural freshwater springs. My free time is spent exploring them, learning about them, and seeking out new…+ More",$65 per person,Any experience can be canceled and fully refunded within 24 hours of purchase.,18,10,5.0,6 reviews,"https://maps.google.com/maps?ll=29.922303,-82.712807&z=15&t=m&hl=en&gl=US&mapclient=apiv3",https://www.airbnb.com/experiences/725919?currentTab=experience_tab&federatedSearchId=182e143f-6970-4a9c-8731-2e4d388334fe&searchId=bd724406-0cb4-47b2-8d13-f53b2313a4e2&sectionId=d7213cb4-8d8d-4d78-b559-30ff2a404489&source=p2
CULTURE WALK,Walking in Soweto,Soweto,5,"Food, Drinks and Transportation",Offered in English,Phiwe,"I was born and bred in Soweto—the largest township in the southern hemisphere—and grew up moving around its streets. That’s how my love of showing visitors around and wanting to teach them South African history from a local's perspective evolved. I hosted Derek Hanekom minister of tourism for his first-time visit to Soweto and also, Basetsana Kumalo, the former Miss South Africa and I've been…+ More",$48 per person,Any experience can be canceled and fully refunded within 24 hours of purchase.,18,10,4.81,37 reviews,"https://maps.google.com/maps?ll=-26.235489,27.909743&z=15&t=m&hl=en&gl=US&mapclient=apiv3",https://www.airbnb.com/experiences/283244?currentTab=experience_tab&federatedSearchId=182e143f-6970-4a9c-8731-2e4d388334fe&searchId=bd724406-0cb4-47b2-8d13-f53b2313a4e2&sectionId=d7213cb4-8d8d-4d78-b559-30ff2a404489&source=p2
GUIDED HIKE,Descubre el Monte Buciero,Santoña,5,Food,Offered in Spanish,Ana,Soy una apasionada de la naturaleza y el senderismo. Soy guía y conozco muy bien Cantabria que ver y que poder visitar. Conozco muchas rutas que hacer por toda Cantabria y de todos los niveles.,$12 per person,Any experience can be canceled and fully refunded within 24 hours of purchase.,18,6,,,"https://maps.google.com/maps?ll=43.438653,-3.444647&z=15&t=m&hl=en&gl=US&mapclient=apiv3",https://www.airbnb.com/experiences/942548?currentTab=experience_tab&federatedSearchId=182e143f-6970-4a9c-8731-2e4d388334fe&searchId=bd724406-0cb4-47b2-8d13-f53b2313a4e2&sectionId=d7213cb4-8d8d-4d78-b559-30ff2a404489&source=p2
SCUBA DIVING,Accessible Scuba Diving,Limassol,3.5,Equipment,Offered in English,Sean,I am the founder of Freedom Divers Cyprus. I am a highly experienced scuba diving instructor specializing in taking disabled people underwater to experience the natural beauty and marine life in the Mediterranean sea in either Limassol or Paphos. We have had a lot of people with physical and mental disabilities go scuba diving for the first time. Many of these have been confined to a wheelchair…+ More,$111 per person,Any experience can be canceled and fully refunded within 24 hours of purchase.,8,1,,,"https://maps.google.com/maps?ll=34.680278,33.05249&z=15&t=m&hl=en&gl=US&mapclient=apiv3",https://www.airbnb.com/experiences/859359?currentTab=experience_tab&federatedSearchId=182e143f-6970-4a9c-8731-2e4d388334fe&searchId=bd724406-0cb4-47b2-8d13-f53b2313a4e2&sectionId=d7213cb4-8d8d-4d78-b559-30ff2a404489&source=p2
CANOEING,Hawaiian Sailing Adventure to Mokuluas,Kailua,3,"Drinks, 1 ticket and Equipment",Offered in English,Joe,"I was raised in an ocean culture family and am an avid surfer, paddler, sailor and fishermen. I've spent time as an ocean lifeguard in Hawaii and California. I hope to share my passions and the culture of Hawai'i that have had such a strong impact on my life.

Tours are run with my team from my business: Kailua Ocean Adventures. We are a small Hawaiian Sailing Canoe and Outrigger Canoe company;…+ More",$139 per person,Any experience can be canceled and fully refunded within 24 hours of purchase.,3,6,4.93,233 reviews,"https://maps.google.com/maps?ll=21.396446,-157.726873&z=15&t=m&hl=en&gl=US&mapclient=apiv3",https://www.airbnb.com/experiences/153509?currentTab=experience_tab&federatedSearchId=182e143f-6970-4a9c-8731-2e4d388334fe&searchId=bd724406-0cb4-47b2-8d13-f53b2313a4e2&sectionId=d7213cb4-8d8d-4d78-b559-30ff2a404489&source=p2
YOGA CLASS,Energizing morning yoga in the nature,Akureyri,1,Drinks and Equipment,All languages welcome,Rakel Eyfjörð,"Hi or in Icelandic we say hæ.
I woke up one morning and saw that I needed to change my life, I was no longer finding myself a kindergarten teacher so I decided to go on a journey to find myself. I realized it was the most difficult task I had ever done in my life- because what i want to be when i grow up ?
So i found Yoga en fell in love with it ,so I whent to study to become a Yoga teacher to…+ More",$12 per person,Any experience can be canceled and fully refunded within 24 hours of purchase.,10,10,5.0,1 review,"https://maps.google.com/maps?ll=65.676733,-18.09552&z=15&t=m&hl=en&gl=US&mapclient=apiv3",https://www.airbnb.com/experiences/854461?currentTab=experience_tab&federatedSearchId=182e143f-6970-4a9c-8731-2e4d388334fe&searchId=bd724406-0cb4-47b2-8d13-f53b2313a4e2&sectionId=d7213cb4-8d8d-4d78-b559-30ff2a404489&source=p2
NATURE WALK,Half day trip to VASHISTHA CAVE,Rishikesh,3,Drinks and Transportation,Offered in English,Manish,I enjoy the restfulness nature offers being out af the citys grid.I love meeting new people .Hiking activities draws the most friendly and unique personalities.i am in a bussiness of creating great memories.I am a passionate traveller . My repertoire of information on the tours is meticulously plans is par excellence. i am also well known for my effort in promoting Tours in Uttarakhand.Very…+ More,$23 per person,Any experience can be canceled and fully refunded within 24 hours of purchase.,18,10,5.0,3 reviews,"https://maps.google.com/maps?ll=30.104544,78.298683&z=15&t=m&hl=en&gl=US&mapclient=apiv3",https://www.airbnb.com/experiences/334450?currentTab=experience_tab&federatedSearchId=182e143f-6970-4a9c-8731-2e4d388334fe&searchId=bd724406-0cb4-47b2-8d13-f53b2313a4e2&sectionId=d7213cb4-8d8d-4d78-b559-30ff2a404489&source=p2
GUIDED HIKE,"Cotopaxi, you'll take snow on hands",Quito,8.5,Drinks and Transportation,Offered in English and Spanish,Luis Fernando,"We know one of the highest active volcanoes in the world and step by step the way to arrive safely at the José Rivas refuge. This is an opportunity that can not be ignored during your stay in Quito.

We have taken tourists to Cotopaxi and its surroundings for 5 years, on the way we stop at the best places to take beautiful photos and eat the best typical food. We know what delights…+ More",$120 per person,Any experience can be canceled and fully refunded within 24 hours of purchase.,18,4,4.91,11 reviews,"https://maps.google.com/maps?ll=-0.203858,-78.490162&z=15&t=m&hl=en&gl=US&mapclient=apiv3",https://www.airbnb.com/experiences/445631?currentTab=experience_tab&federatedSearchId=182e143f-6970-4a9c-8731-2e4d388334fe&searchId=bd724406-0cb4-47b2-8d13-f53b2313a4e2&sectionId=d7213cb4-8d8d-4d78-b559-30ff2a404489&source=p2
KAYAKING,Sunset Paddle-Lake Nipissing,North Bay,2,Equipment,Offered in English,Bryce,"I am a Paddle Canada Instructor and have a keen interest in introducing people to paddling and the unique excursions that North Bay has to offer. I have enjoyed paddling canoes and kayak for over 20 years around this area and led trips into The French River, Temagami and the world renowned Algonquin Park. To further enjoy the outdoors, I am a certified Wilderness First Responder instructor as well…+ More",$47 per person,Any experience can be canceled and fully refunded within 24 hours of purchase.,14,6,5.0,1 review,"https://maps.google.com/maps?ll=46.265937,-79.444209&z=15&t=m&hl=en&gl=US&mapclient=apiv3",https://www.airbnb.com/experiences/383409?currentTab=experience_tab&federatedSearchId=182e143f-6970-4a9c-8731-2e4d388334fe&searchId=bd724406-0cb4-47b2-8d13-f53b2313a4e2&sectionId=d7213cb4-8d8d-4d78-b559-30ff2a404489&source=p2
GUIDED HIKE,Walk to discover the Combe de Savoie valley,Frontenex,2.5,Drinks,"Offered in English, French, Italian and Spanish",,"I am Alessandro, an expert of Western European history (2 Master degrees in History in Venice and Grenoble) and a passionate hiker (scout for 15 years).
I have been living in different European countries, and with this experience I would like to make you discover Savoyard landscapes, nature, local history and human activities.",$29 per person,Any experience can be canceled and fully refunded within 24 hours of purchase.,2,6,5.0,4 reviews,"https://maps.google.com/maps?ll=45.638264,6.308883&z=15&t=m&hl=en&gl=US&mapclient=apiv3",https://www.airbnb.com/experiences/394953?currentTab=experience_tab&federatedSearchId=182e143f-6970-4a9c-8731-2e4d388334fe&searchId=bd724406-0cb4-47b2-8d13-f53b2313a4e2&sectionId=d7213cb4-8d8d-4d78-b559-30ff2a404489&source=p2
SPORTING EVENT,Watch Polo Under The Stars!,Capilla del Señor,5,Food and Drinks,Offered in English,Celia,"Since 2009, We - Celia, Ruben and Valentina the little one - have been hosting visitors from all over the world sharing our passion for horses and nature.
Ruben is the polo player, non stop, charismatic and great chef!
Celia is from every country because although born and raise in Argentina she has traveled a lot and always have fun anecdotes to tell.
And Valentina, well, when she is at the…+ More",$197 per person,Any experience can be canceled and fully refunded within 24 hours of purchase.,2,10,,,"https://maps.google.com/maps?ll=-34.344318,-59.06548&z=15&t=m&hl=en&gl=US&mapclient=apiv3",https://www.airbnb.com/experiences/208210?currentTab=experience_tab&federatedSearchId=182e143f-6970-4a9c-8731-2e4d388334fe&searchId=bd724406-0cb4-47b2-8d13-f53b2313a4e2&sectionId=d7213cb4-8d8d-4d78-b559-30ff2a404489&source=p2
KAYAKING,Kayak Bass Fishing in Berkshire County,Great Barrington,3,Equipment,Offered in English,J,"I am a life long Fisherman who especially likes to coach the novice into their first fish. My experience on the water includes many familiar names – Alaska, Puget Sound, Great Lakes, Key West, Etc… For the past 10 years I have been exploring the Lakes and Rivers of the Berkshires focusing on waters that are off limits to power boats.",$200 per person,Any experience can be canceled and fully refunded within 24 hours of purchase.,10,2,,,"https://maps.google.com/maps?ll=42.198859,-73.362346&z=15&t=m&hl=en&gl=US&mapclient=apiv3",https://www.airbnb.com/experiences/931802?currentTab=experience_tab&federatedSearchId=182e143f-6970-4a9c-8731-2e4d388334fe&searchId=bd724406-0cb4-47b2-8d13-f53b2313a4e2&sectionId=d7213cb4-8d8d-4d78-b559-30ff2a404489&source=p2
GUIDED HIKE,Hike among Navajo Culture Homestead,Oljato-Monument Valley,3.5,Food and Drinks,All languages welcome,Carol,I've been a tour guide for 20 years in Monument Valley. I met many visitors from other country here to see Navajo land. I am third generation raise on the reservation and return to my homeland to share my Navajo heritage. I invite you to experience my Navajo family lifestyle what our elders left behind and holding on to our tradition way of life in the western world today. My early childhood play…+ More,$100 per person,Any experience can be canceled and fully refunded within 24 hours of purchase.,5,10,4.97,33 reviews,"https://maps.google.com/maps?ll=37.066689,-110.306951&z=15&t=m&hl=en&gl=US&mapclient=apiv3",https://www.airbnb.com/experiences/214589?currentTab=experience_tab&federatedSearchId=182e143f-6970-4a9c-8731-2e4d388334fe&searchId=bd724406-0cb4-47b2-8d13-f53b2313a4e2&sectionId=d7213cb4-8d8d-4d78-b559-30ff2a404489&source=p2
SURF LESSON,Good Vibes Surf School,Freeport,8,Equipment,Offered in English,Paige,I am a Surfside Beach local and an expert on the ideal breaks to surf. I have been teaching and lifeguarding in the surfing industry for over 4 years. I am a member of the Auxiliary Coast Guard and love sharing my ocean knowledge. As a child I grew up in a land-locked East Texas town. My first exposure to surfing was though Surfer Magazine. I was fascinated and even dreamed what it would feel like…+ More,$63 per person,Any experience can be canceled and fully refunded within 24 hours of purchase.,2,5,,,"https://maps.google.com/maps?ll=28.9403,-95.29306&z=15&t=m&hl=en&gl=US&mapclient=apiv3",https://www.airbnb.com/experiences/901441?currentTab=experience_tab&federatedSearchId=182e143f-6970-4a9c-8731-2e4d388334fe&searchId=bd724406-0cb4-47b2-8d13-f53b2313a4e2&sectionId=d7213cb4-8d8d-4d78-b559-30ff2a404489&source=p2
PARAGLIDING,Flight Paragliding Adventure on the beach,São Vicente,7,"1 ticket, Equipment and Transportation",Offered in English and Portuguese,Jefferson,"I am a paragliding flight instructor with more than 10 years of experience, during this period I have made over 1500 flights and flew over 50 different flight sites. I attend all the clients with great respect and in a relaxed way to leave the passengers comfortable during the flights and thus realize the dream and the desire to fly.",$95 per person,Any experience can be canceled and fully refunded within 24 hours of purchase.,18,10,,,"https://maps.google.com/maps?ll=-23.964395,-46.362129&z=15&t=m&hl=en&gl=US&mapclient=apiv3",https://www.airbnb.com/experiences/811928?currentTab=experience_tab&federatedSearchId=182e143f-6970-4a9c-8731-2e4d388334fe&searchId=bd724406-0cb4-47b2-8d13-f53b2313a4e2&sectionId=d7213cb4-8d8d-4d78-b559-30ff2a404489&source=p2
BIKE RIDE,TRANSFAGARASAN & BALEA Lake eBike tour,Brașov,7,"Food, Drinks, Equipment and Transportation",Offered in English,Andrei,"I am a passionate mountain biker. I started this wonderful hobby 6 years ago in the desire to travel and to cover as many km as possible on the roads of our Carpathian Mountains. I think mountain biking is the most wonderful way to get to the peak of our mountain where you can see the spectacular views displayed up there . Even now, after so many years of riding through the mountains roads , I am…+ More",$99 per person,Any experience can be canceled and fully refunded within 24 hours of purchase.,14,6,5.0,2 reviews,"https://maps.google.com/maps?ll=45.640429,25.587275&z=15&t=m&hl=en&gl=US&mapclient=apiv3",https://www.airbnb.com/experiences/768457?currentTab=experience_tab&federatedSearchId=182e143f-6970-4a9c-8731-2e4d388334fe&searchId=bd724406-0cb4-47b2-8d13-f53b2313a4e2&sectionId=d7213cb4-8d8d-4d78-b559-30ff2a404489&source=p2
BIKE RIDE,Explore Sault Ste. Marie on Two Wheels,Sault Ste. Marie,2,Drinks,Offered in English,Graham,"Reg and Graham are avid and experienced cyclists in disciplines that include MTB, gravel riding, cycle touring, and bikepacking. Both guides have participated in several domestic and international competitions ranging from single day to multi-day events during all seasons of the year.
Having grown up and lived in the Sault area for most of their lives, the Red Pine Tours team is keen to showcase…+ More",$30 per person,Any experience can be canceled and fully refunded within 24 hours of purchase.,18,6,,,"https://maps.google.com/maps?ll=46.512429,-84.334801&z=15&t=m&hl=en&gl=US&mapclient=apiv3",https://www.airbnb.com/experiences/914132?currentTab=experience_tab&federatedSearchId=182e143f-6970-4a9c-8731-2e4d388334fe&searchId=bd724406-0cb4-47b2-8d13-f53b2313a4e2&sectionId=d7213cb4-8d8d-4d78-b559-30ff2a404489&source=p2
NATURE WALK,Walk the story behind the walkway,New Plymouth,1,Equipment,Offered in English,Malcolm,"I'd been visiting New Plymouth for years, and living here since 2015, and was fascinated by its transformation under the influence of the coastal walkway. No-one else had written the story, so I dug deep in local knowledge and wrote a book as a guide for visitors wanting to maximise their walkway experience. I continue to enjoy walking it, and offer my friendship and knowledge to fellow explorers.",$24 per person,Any experience can be canceled and fully refunded within 24 hours of purchase.,14,6,,,"https://maps.google.com/maps?ll=-39.055466,174.071742&z=15&t=m&hl=en&gl=US&mapclient=apiv3",https://www.airbnb.com/experiences/638367?currentTab=experience_tab&federatedSearchId=182e143f-6970-4a9c-8731-2e4d388334fe&searchId=bd724406-0cb4-47b2-8d13-f53b2313a4e2&sectionId=d7213cb4-8d8d-4d78-b559-30ff2a404489&source=p2
CHEESE TASTING,Highlander experience & cheese tasting,Zakopane,2,"Food, 1 ticket and Transportation",Offered in English,,"Hi, my name is Retha! I was born in South Africa but moved to Zakopane more than 7 years ago. Together with my amazing team at BazaTatry, Karolina, Hania and Ania we love to show the highlander culture to people from all around the world! 
All of us are locals and our goal here is to give you a truly interesting & engaging experience during which you will discover the unique culture of the…+ More",$44 per person,Any experience can be canceled and fully refunded within 24 hours of purchase.,14,6,,,"https://maps.google.com/maps?ll=49.299082,19.961834&z=15&t=m&hl=en&gl=US&mapclient=apiv3",https://www.airbnb.com/experiences/810991?currentTab=experience_tab&federatedSearchId=182e143f-6970-4a9c-8731-2e4d388334fe&searchId=bd724406-0cb4-47b2-8d13-f53b2313a4e2&sectionId=d7213cb4-8d8d-4d78-b559-30ff2a404489&source=p2
CAR RIDE,Drive Exotic Cars on a Racetrack,Fontana,2,Equipment,Offered in English,Romain,"After a lifelong love for cars in a diverse motoring career, a professional racing driver with five French titles and stunt performer for 150 television show the passion for cars brought to light this premier driving experience.",$299 per person,Any experience can be canceled and fully refunded within 24 hours of purchase.,18,10,5.0,8 reviews,"https://maps.google.com/maps?ll=34.086926,-117.490766&z=15&t=m&hl=en&gl=US&mapclient=apiv3",https://www.airbnb.com/experiences/171459?currentTab=experience_tab&federatedSearchId=182e143f-6970-4a9c-8731-2e4d388334fe&searchId=bd724406-0cb4-47b2-8d13-f53b2313a4e2&sectionId=d7213cb4-8d8d-4d78-b559-30ff2a404489&source=p2
GUIDED HIKE,Hike to the Hidden Gem of Pune,Pune,3,Drinks,All languages welcome,Sachin,"I have lived in Mountains(Darjeeling and Kalimpong) for many years and now I have settled in Pune so it can't stop my love for trekking. I have been to various treks in Nepal, Meghalaya and Darjeeling. Here I will take you to a beautiful natural trek away from hustle and bustle of the city.",$8 per person,Any experience can be canceled and fully refunded within 24 hours of purchase.,18,10,4.88,8 reviews,"https://maps.google.com/maps?ll=18.547456,73.774149&z=15&t=m&hl=en&gl=US&mapclient=apiv3",https://www.airbnb.com/experiences/448459?currentTab=experience_tab&federatedSearchId=182e143f-6970-4a9c-8731-2e4d388334fe&searchId=bd724406-0cb4-47b2-8d13-f53b2313a4e2&sectionId=d7213cb4-8d8d-4d78-b559-30ff2a404489&source=p2
NATURE WALK,Besichtigung einer Alpkäserei,Spiez,5,Food and Transportation,All languages welcome,Nicolai,Ich bin im Diemtigtal aufgewachsen und lebe seit 35 in diesem wunderschönen Bergtal. Ich habe schon als Kind auf den Alpen beim Käse machen mitgeholfen und kenne die schönsten Alpen und Plätze im Diemtigtal.,$72 per person,Any experience can be canceled and fully refunded within 24 hours of purchase.,7,8,,,"https://maps.google.com/maps?ll=46.688024,7.6789&z=15&t=m&hl=en&gl=US&mapclient=apiv3",https://www.airbnb.com/experiences/915139?currentTab=experience_tab&federatedSearchId=182e143f-6970-4a9c-8731-2e4d388334fe&searchId=bd724406-0cb4-47b2-8d13-f53b2313a4e2&sectionId=d7213cb4-8d8d-4d78-b559-30ff2a404489&source=p2
NATURE WALK,Experience A Historic Log Home!,Livermore,1.5,Food and Drinks,Offered in English,K.M.,"As a former 'Texas-gal"" who was a finalist in the Miss Texas USA Pageant, I felt that my certification as an educator in Colorado called me to share my magnificent home with others. It sits on 16,000 acres and could provide individuals with a taste of the ""Old West"" as well as the unique feeling of a true historic landmark. The Overland Trail sits near, and TV series Centennial was filmed in the…+ More",$35 per person,Any experience can be canceled and fully refunded within 24 hours of purchase.,12,8,,,"https://maps.google.com/maps?ll=40.816015,-105.225303&z=15&t=m&hl=en&gl=US&mapclient=apiv3",https://www.airbnb.com/experiences/799541?currentTab=experience_tab&federatedSearchId=182e143f-6970-4a9c-8731-2e4d388334fe&searchId=bd724406-0cb4-47b2-8d13-f53b2313a4e2&sectionId=d7213cb4-8d8d-4d78-b559-30ff2a404489&source=p2
YOGA CLASS,Yoga by the beach in Lefkada,Lefkada,1,Drinks and Equipment,Offered in English,Antonio,"We are Christiana from Lefkada and Antonio from Milan, Yoga teachers with the certification below.
“Advanced Teacher Training Course (900 hours) in Yoga Education” The Yoga Institute- India
“Certification of Yoga Professionals – Level 2 by the Ministry of AYUSH- India
For some years we have been looking for ways to live life differently and in Yoga we have found great inspiration and guidance. We…+ More",$18 per person,Any experience can be canceled and fully refunded within 24 hours of purchase.,14,10,5.0,2 reviews,"https://maps.google.com/maps?ll=38.831571,20.668466&z=15&t=m&hl=en&gl=US&mapclient=apiv3",https://www.airbnb.com/experiences/870313?currentTab=experience_tab&federatedSearchId=182e143f-6970-4a9c-8731-2e4d388334fe&searchId=bd724406-0cb4-47b2-8d13-f53b2313a4e2&sectionId=d7213cb4-8d8d-4d78-b559-30ff2a404489&source=p2
TRAIL RUN,"Morning Run, Shela, Lamu Island",Lamu,1,Transportation,Offered in English,Nyambura,"I'm a longtime runner - competing throughout school, running multiple marathons, triathlons, and charity , I run for fun! Born & raised in Nairobi, I moved to Shela six years ago, where i have my business after falling in love with the people, views, and lifestyle. Many people know of the beautiful Shela beaches, but there are also hidden paths and daily adventures that make morning runs here…+ More",$15 per person,Any experience can be canceled and fully refunded within 24 hours of purchase.,18,3,5.0,5 reviews,"https://maps.google.com/maps?ll=-2.287773,40.918193&z=15&t=m&hl=en&gl=US&mapclient=apiv3",https://www.airbnb.com/experiences/388681?currentTab=experience_tab&federatedSearchId=182e143f-6970-4a9c-8731-2e4d388334fe&searchId=bd724406-0cb4-47b2-8d13-f53b2313a4e2&sectionId=d7213cb4-8d8d-4d78-b559-30ff2a404489&source=p2
GUIDED HIKE,Discovery hike around FURANO ski resort,Furano,4,Equipment,All languages welcome,Clement,"I am an outdoor activity enthusiast, leaving in Hokkaido with my Japanese wife and kids. I can speak ENGLISH, FRENCH, THAI and BAHASA.
I do bicycle and hiking in summer season; back-country ski touring guide in winter. I love Hokkaido and particularly Furano's beautiful nature surrounding. I know many outdoor places to visit, restaurants and onsen. I enjoy to share my local experience, whether it…+ More",$58 per person,Any experience can be canceled and fully refunded within 24 hours of purchase.,8,10,,,"https://maps.google.com/maps?ll=43.343136,142.362043&z=15&t=m&hl=en&gl=US&mapclient=apiv3",https://www.airbnb.com/experiences/902336?currentTab=experience_tab&federatedSearchId=182e143f-6970-4a9c-8731-2e4d388334fe&searchId=bd724406-0cb4-47b2-8d13-f53b2313a4e2&sectionId=d7213cb4-8d8d-4d78-b559-30ff2a404489&source=p2
NATURE WALK,Star Gazing and Astrology above Füssen,Füssen,2.5,,"Offered in English, German and Spanish",Michael,"As a nativ in this region I am very connected to the land , sky, natural cycles and local traditions. Working as a language trainer I appreciate being with people from all over the world. This time I will share my hobbies - ´naked eye´- astronomy and archetypal astrology - at an amazing location with you. Currently I am getting trained on becoming a Shamanic Astrologer.

more information about my…+ More",$40 per person,Any experience can be canceled and fully refunded within 24 hours of purchase.,18,6,4.93,15 reviews,"https://maps.google.com/maps?ll=47.565466,10.70001&z=15&t=m&hl=en&gl=US&mapclient=apiv3",https://www.airbnb.com/experiences/278847?currentTab=experience_tab&federatedSearchId=182e143f-6970-4a9c-8731-2e4d388334fe&searchId=bd724406-0cb4-47b2-8d13-f53b2313a4e2&sectionId=d7213cb4-8d8d-4d78-b559-30ff2a404489&source=p2
GUIDED HIKE,Trilha do rosa a Ferrugem,Ibiraquera,3,,All languages welcome,,"Marcos Mairesse: possui experiência de 15 anos atuando como educador físico, praticando e trabalhando com corridas de trilha, canoagem, esportes radicais, Pilates e treinamento funcional. 
Criou os Caminhos da Aventura, para proporcionar aos aventureiros trilhas organizadas com muita segurança, para contemplar as belezas naturais de Imbituba e arredores, oferecendo a oportunidade para turistas e…+ More",$19 per person,Any experience can be canceled and fully refunded within 24 hours of purchase.,18,9,,,"https://maps.google.com/maps?ll=-28.137635,-48.64307&z=15&t=m&hl=en&gl=US&mapclient=apiv3",https://www.airbnb.com/experiences/817556?currentTab=experience_tab&federatedSearchId=182e143f-6970-4a9c-8731-2e4d388334fe&searchId=bd724406-0cb4-47b2-8d13-f53b2313a4e2&sectionId=d7213cb4-8d8d-4d78-b559-30ff2a404489&source=p2
GUIDED HIKE,Hiking in the Canadian Rockies!,Calgary,8,Food,Offered in English,Caitlin,"I've lived in Calgary for over 20 years, and no matter what time of year, on my days off you can usually find me heading west into the mountains! Hiking and skiing/snowboarding are my main passions, but I've also gotten into snowshoeing, mountain biking, cross-country skiing, and backcountry skiing over the years. I've explored quite a bit of the Rockies but there is always more to see! I've…+ More",$60 per person,Any experience can be canceled and fully refunded within 24 hours of purchase.,10,8,5.0,8 reviews,"https://maps.google.com/maps?ll=51.091347,-114.466494&z=15&t=m&hl=en&gl=US&mapclient=apiv3",https://www.airbnb.com/experiences/363268?currentTab=experience_tab&federatedSearchId=182e143f-6970-4a9c-8731-2e4d388334fe&searchId=bd724406-0cb4-47b2-8d13-f53b2313a4e2&sectionId=d7213cb4-8d8d-4d78-b559-30ff2a404489&source=p2
DAY TRIP,Wilderness hike to secluded lakes,South Lake Tahoe,7,Food and Equipment,Offered in English,Nikki,"Follow Chad and Nikki on an epic hike through Desolation Wilderness in the iconic Lake Tahoe! We both love living in Tahoe, and are huge advocates of the outdoors! Desolation wilderness is one of our absolute favorite places to explore. We know the trails and know where are the hidden gems are! Follow us for a FUN day adventuring through the wild. Leave feeling rejuvenated !!",$160 per person,Any experience can be canceled and fully refunded within 24 hours of purchase.,18,10,4.96,28 reviews,"https://maps.google.com/maps?ll=38.959422,-120.096304&z=15&t=m&hl=en&gl=US&mapclient=apiv3",https://www.airbnb.com/experiences/220477?currentTab=experience_tab&federatedSearchId=182e143f-6970-4a9c-8731-2e4d388334fe&searchId=bd724406-0cb4-47b2-8d13-f53b2313a4e2&sectionId=d7213cb4-8d8d-4d78-b559-30ff2a404489&source=p2
KAYAKING,Kayaking in Kyrgyzstan,Bishkek,13,Food and Drinks,Offered in English,Emirlan,"Encouraging people to travel and discover new destinations is the reason I share my traveling experience. Assisting in the organization of World Nomad Games 2016-2018, I grasped the knowledge in the fields of hospitality and travel logistics. Besides, I had worked in Red Crescent Kyrgyzstan and was provided with a basic First Aid course, so you don't need to worry about safety:) 
I want to present…+ More",$185 per person,Any experience can be canceled and fully refunded within 24 hours of purchase.,18,8,4.0,1 review,"https://maps.google.com/maps?ll=42.875688,74.591309&z=15&t=m&hl=en&gl=US&mapclient=apiv3",https://www.airbnb.com/experiences/781180?currentTab=experience_tab&federatedSearchId=182e143f-6970-4a9c-8731-2e4d388334fe&searchId=bd724406-0cb4-47b2-8d13-f53b2313a4e2&sectionId=d7213cb4-8d8d-4d78-b559-30ff2a404489&source=p2
